City_ID,City,Country,Date,Lat,Lng,Max Temp,Humidity,Cloudiness,Wind Speed
0,Bluff,NZ,2022-07-12 22:40:15,-46.6,168.3333,43.81,92,100,22.41
1,Ushuaia,AR,2022-07-12 22:38:54,-54.8,-68.3,37.06,87,75,12.66
2,Jamestown,US,2022-07-12 22:40:15,42.097,-79.2353,78.39,61,20,14.97
3,Sorong,ID,2022-07-12 22:40:16,-0.8833,131.25,76.71,90,100,5.64
4,Nuuk,GL,2022-07-12 22:40:16,64.1835,-51.7216,43.41,93,75,16.11
5,Hermanus,ZA,2022-07-12 22:37:01,-34.4187,19.2345,52.61,82,2,9.04
6,Hobart,AU,2022-07-12 22:40:16,-42.8794,147.3294,45.27,87,75,8.05
7,East London,ZA,2022-07-12 22:37:27,-33.0153,27.9116,57.74,68,0,7.52
8,Bandarbeyla,SO,2022-07-12 22:40:17,9.4942,50.8122,77.38,77,99,29.62
9,Korla,CN,2022-07-12 22:39:12,41.7597,86.1469,72.97,27,34,7.61
10,Saint George,US,2022-07-12 22:35:44,37.1041,-113.5841,108.43,14,0,19.57
11,Manggar,ID,2022-07-12 22:37:11,-2.8833,108.2667,79.63,81,90,3.98
12,Bambous Virieux,MU,2022-07-12 22:40:17,-20.3428,57.7575,69.22,73,20,10.36
13,Rikitea,PF,2022-07-12 22:40:18,-23.1203,-134.9692,75.0,75,10,14.61
14,Hasaki,JP,2022-07-12 22:39:53,35.7333,140.8333,73.8,94,100,7.56
15,Mar Del Plata,AR,2022-07-12 22:35:41,-38.0023,-57.5575,48.09,69,40,11.5
16,Boyolangu,ID,2022-07-12 22:40:18,-8.1181,111.8935,73.15,95,75,1.19
17,Punta Arenas,CL,2022-07-12 22:40:19,-53.15,-70.9167,33.91,93,100,9.22
18,Cape Town,ZA,2022-07-12 22:37:47,-33.9258,18.4232,56.37,90,0,4.61
19,Geraldton,AU,2022-07-12 22:40:19,-28.7667,114.6,50.41,81,1,6.91
20,Busselton,AU,2022-07-12 22:40:19,-33.65,115.3333,53.73,89,13,8.46
21,Santa Maria,BR,2022-07-12 22:36:22,-29.6842,-53.8069,47.5,81,20,0.0
22,Bambanglipuro,ID,2022-07-12 22:40:20,-7.95,110.2833,74.3,88,81,4.05
23,Barrow,US,2022-07-12 22:40:20,71.2906,-156.7887,37.42,93,100,11.5
24,Veraval,IN,2022-07-12 22:40:20,20.9,70.3667,81.16,85,100,23.04
25,Zhigansk,RU,2022-07-12 22:40:21,66.7697,123.3711,61.41,80,61,6.42
26,Cabuyaro,CO,2022-07-12 22:40:21,4.2817,-72.794,76.17,91,37,5.19
27,Lagoa,PT,2022-07-12 22:40:21,39.05,-27.9833,69.48,92,43,9.91
28,Ponta Do Sol,PT,2022-07-12 22:40:22,32.6667,-17.1,71.01,71,24,0.54
29,Bredasdorp,ZA,2022-07-12 22:40:22,-34.5322,20.0403,47.97,90,2,5.86
30,Albany,US,2022-07-12 22:35:56,42.6001,-73.9662,84.02,64,21,1.99
31,Nikolskoye,RU,2022-07-12 22:35:56,59.7035,30.7861,66.79,99,64,4.88
32,General Higinio Morinigo,PY,2022-07-12 22:40:23,-25.95,-55.9167,48.88,78,0,3.62
33,Nanortalik,GL,2022-07-12 22:40:23,60.1432,-45.2371,42.66,88,25,9.46
34,Stromness,GB,2022-07-12 22:40:23,58.965,-3.296,53.87,79,96,4.0
35,Mataura,NZ,2022-07-12 22:40:23,-46.1927,168.8643,43.48,98,100,6.22
36,Emba,KZ,2022-07-12 22:40:24,48.8264,58.1442,78.53,46,58,8.28
37,Casian,PH,2022-07-12 22:40:24,11.035,119.7136,81.52,80,100,6.17
38,Clyde River,CA,2022-07-12 22:36:46,70.4692,-68.5914,43.03,75,20,10.36
39,Tuktoyaktuk,CA,2022-07-12 22:40:24,69.4541,-133.0374,42.8,100,100,12.66
40,Atuona,PF,2022-07-12 22:40:25,-9.8,-139.0333,77.97,76,32,18.28
41,Leningradskiy,RU,2022-07-12 22:40:25,69.3833,178.4167,39.51,97,100,4.72
42,Ahipara,NZ,2022-07-12 22:40:25,-35.1667,173.1667,60.67,79,97,12.01
43,San Quintin,MX,2022-07-12 22:41:26,30.4833,-115.95,69.87,71,99,15.57
44,Port Blair,IN,2022-07-12 22:41:26,11.6667,92.75,81.81,83,100,19.73
45,Sao Joao Da Barra,BR,2022-07-12 22:41:26,-21.6403,-41.0511,73.04,83,87,20.27
46,Provideniya,RU,2022-07-12 22:41:27,64.3833,-173.3,53.71,76,0,13.42
47,Flin Flon,CA,2022-07-12 22:39:38,54.7682,-101.865,76.84,38,20,4.61
48,Georgetown,MY,2022-07-12 22:36:28,5.4112,100.3354,75.15,94,40,0.0
49,Lebu,CL,2022-07-12 22:41:27,-37.6167,-73.65,48.49,81,98,5.97
50,Goundi,TD,2022-07-12 22:41:27,9.3627,17.366,71.56,94,93,3.2
51,Puerto Ayora,EC,2022-07-12 22:41:28,-0.7393,-90.3518,80.56,87,34,7.0
52,Spirit River,CA,2022-07-12 22:41:28,55.7833,-118.8361,64.83,65,99,3.85
53,Dunedin,NZ,2022-07-12 22:37:40,-45.8742,170.5036,45.95,94,100,19.8
54,Anadyr,RU,2022-07-12 22:41:29,64.75,177.4833,64.9,63,20,11.18
55,Katsuura,JP,2022-07-12 22:41:29,35.1333,140.3,75.22,92,98,6.67
56,Fairbanks,US,2022-07-12 22:39:09,64.8378,-147.7164,77.02,53,75,6.91
57,Kavieng,PG,2022-07-12 22:41:29,-2.5744,150.7967,83.55,72,64,8.99
58,Chimore,BO,2022-07-12 22:41:30,-16.9833,-65.1333,60.93,86,100,1.52
59,Hilo,US,2022-07-12 22:41:30,19.7297,-155.09,87.28,76,0,11.5
60,Victoria,HK,2022-07-12 22:39:58,22.2855,114.1577,85.32,81,9,5.01
61,Upernavik,GL,2022-07-12 22:41:30,72.7868,-56.1549,42.66,83,72,1.07
62,Butaritari,KI,2022-07-12 22:41:31,3.0707,172.7902,82.53,72,80,18.79
63,Malakal,SS,2022-07-12 22:41:31,9.5334,31.6605,70.95,88,80,4.0
64,Vardo,NO,2022-07-12 22:41:31,70.3705,31.1107,55.38,88,85,10.36
65,Bom Jesus,BR,2022-07-12 22:41:32,-9.0744,-44.3586,76.86,38,19,3.67
66,Salalah,OM,2022-07-12 22:41:32,17.0151,54.0924,77.09,94,100,6.91
67,Yellowknife,CA,2022-07-12 22:41:32,62.456,-114.3525,73.92,46,75,12.66
68,Lewistown,US,2022-07-12 22:41:32,40.5992,-77.5714,88.25,76,0,8.05
69,Antsohihy,MG,2022-07-12 22:41:33,-14.8796,47.9875,70.56,64,1,9.53
70,Ajra,IN,2022-07-12 22:41:33,16.1167,74.2,68.13,97,100,9.82
71,Husavik,IS,2022-07-12 22:41:33,66.0449,-17.3389,42.91,94,100,18.95
72,Mareeba,AU,2022-07-12 22:41:34,-17.0,145.4333,61.48,86,36,2.19
73,Kaitangata,NZ,2022-07-12 22:41:34,-46.2817,169.8464,43.95,94,100,15.19
74,Bethel,US,2022-07-12 22:41:34,41.3712,-73.414,88.65,58,0,10.36
75,Samarai,PG,2022-07-12 22:41:35,-10.6167,150.6667,80.04,81,26,10.2
76,Honningsvag,NO,2022-07-12 22:37:06,70.9821,25.9704,60.55,72,29,2.3
77,Padang,ID,2022-07-12 22:41:35,-0.9492,100.3543,77.77,86,96,3.38
78,Ous,RU,2022-07-12 22:41:35,60.9058,61.5186,61.86,96,20,3.56
79,Wagar,SD,2022-07-12 22:37:50,16.1525,36.2032,79.18,66,99,14.85
80,Msanga,TZ,2022-07-12 22:41:36,-6.05,36.0333,58.95,82,34,4.94
81,Labuhan,ID,2022-07-12 22:41:36,-6.8844,112.2051,75.43,90,59,5.66
82,Mount Gambier,AU,2022-07-12 22:41:36,-37.8333,140.7667,44.24,88,8,3.42
83,Cidreira,BR,2022-07-12 22:41:37,-30.1811,-50.2056,52.41,69,98,11.5
84,Eravur,LK,2022-07-12 22:41:37,7.7733,81.6095,78.91,68,29,12.57
85,Manta,EC,2022-07-12 22:41:37,-0.95,-80.7333,73.18,83,100,9.22
86,Kedrovyy,RU,2022-07-12 22:41:38,56.1667,91.8167,52.21,97,100,3.24
87,Hithadhoo,MV,2022-07-12 22:39:42,-0.6,73.0833,82.58,75,99,11.5
88,Ilulissat,GL,2022-07-12 22:41:38,69.2167,-51.1,44.62,81,75,2.3
89,Isangel,VU,2022-07-12 22:42:38,-19.55,169.2667,77.11,88,75,2.3
90,Davila,PH,2022-07-12 22:42:39,18.4726,120.5763,71.58,87,100,12.26
91,Bilma,NE,2022-07-12 22:42:39,18.6853,12.9164,95.32,12,80,23.87
92,Chuy,UY,2022-07-12 22:40:52,-33.6971,-53.4616,42.48,82,28,5.48
93,Hovd,MN,2022-07-12 22:42:40,48.0056,91.6419,65.61,47,100,3.87
94,Pisco,PE,2022-07-12 22:42:40,-13.7,-76.2167,62.65,82,20,16.11
95,Ancud,CL,2022-07-12 22:42:40,-41.8697,-73.8203,39.22,76,88,10.89
96,Avarua,CK,2022-07-12 22:42:40,-21.2078,-159.775,77.05,65,75,8.05
97,New Norfolk,AU,2022-07-12 22:42:41,-42.7826,147.0587,44.92,86,56,1.01
98,Vao,NC,2022-07-12 22:38:17,-22.6667,167.4833,73.49,83,96,13.0
99,Lompoc,US,2022-07-12 22:42:41,34.6391,-120.4579,84.34,69,0,14.97
100,Arraial Do Cabo,BR,2022-07-12 22:42:41,-22.9661,-42.0278,71.46,88,20,8.05
101,Khatanga,RU,2022-07-12 22:42:42,71.9667,102.5,38.03,88,100,11.01
102,Severo-Kurilsk,RU,2022-07-12 22:42:42,50.6789,156.125,55.58,90,62,0.72
103,Key West,US,2022-07-12 22:41:50,24.5557,-81.7826,93.2,59,0,8.05
104,Kodiak,US,2022-07-12 22:42:43,57.79,-152.4072,54.91,88,100,5.75
105,Hanna,CA,2022-07-12 22:42:43,51.6334,-111.9018,86.86,26,61,7.0
106,Nedjo,ET,2022-07-12 22:42:43,9.5046,35.5019,56.8,95,100,0.63
107,Ketchikan,US,2022-07-12 22:42:44,55.3422,-131.6461,55.87,88,100,9.22
108,Tiksi,RU,2022-07-12 22:42:44,71.6872,128.8694,35.78,95,100,10.02
109,Port Alfred,ZA,2022-07-12 22:42:44,-33.5906,26.891,57.38,69,0,8.55
110,Aswan,EG,2022-07-12 22:42:44,24.0934,32.907,90.7,18,0,6.91
111,Smoky Lake,CA,2022-07-12 22:42:45,54.1169,-112.4686,84.36,54,0,5.75
112,Quang Ngai,VN,2022-07-12 22:42:45,15.1167,108.8,76.46,93,100,4.23
113,Vila Franca Do Campo,PT,2022-07-12 22:42:45,37.7167,-25.4333,73.2,95,79,7.9
114,Borogontsy,RU,2022-07-12 22:42:46,62.6683,131.1683,66.47,85,100,3.94
115,Kiama,AU,2022-07-12 22:42:46,-34.6833,150.8667,52.0,82,99,3.0
116,Vanavara,RU,2022-07-12 22:42:46,60.34,102.2797,54.48,66,100,4.72
117,Avera,US,2022-07-12 22:42:47,33.194,-82.5271,83.71,65,100,5.91
118,Omboue,GA,2022-07-12 22:42:47,-1.5746,9.2618,70.2,91,28,5.35
119,Belyy Yar,RU,2022-07-12 22:40:51,53.6039,91.3903,55.29,82,0,4.47
120,Tomatlan,MX,2022-07-12 22:42:47,19.9333,-105.25,87.73,60,14,9.89
121,Whitehorse,CA,2022-07-12 22:38:11,60.7161,-135.0538,47.17,93,100,13.8
122,Butia,BR,2022-07-12 22:42:48,-30.1197,-51.9622,44.92,87,3,2.44
123,Kavaratti,IN,2022-07-12 22:42:48,10.5669,72.642,81.48,82,100,18.99
124,Yazykovo,RU,2022-07-12 22:42:48,55.2199,56.1353,64.0,93,100,4.83
125,Tsibanobalka,RU,2022-07-12 22:42:49,44.9803,37.3438,60.76,88,0,4.47
126,Santa Fe Do Sul,BR,2022-07-12 22:42:49,-20.2111,-50.9258,74.39,43,98,1.36
127,Constitucion,CL,2022-07-12 22:42:49,-35.3333,-72.4167,49.5,79,100,4.97
128,Alugan,PH,2022-07-12 22:42:50,12.2188,125.4808,79.72,84,75,2.21
129,Airai,TL,2022-07-12 22:42:50,-8.9266,125.4092,54.79,76,71,2.84
130,Qaanaaq,GL,2022-07-12 22:42:50,77.484,-69.3632,40.95,75,81,5.35
131,San Cristobal,VE,2022-07-12 22:42:51,7.7669,-72.225,75.38,91,48,4.16
132,Pevek,RU,2022-07-12 22:43:51,69.7008,170.3133,35.94,95,100,23.35
133,Carnarvon,AU,2022-07-12 22:43:51,-24.8667,113.6333,65.32,70,0,6.46
134,Honiara,SB,2022-07-12 22:43:52,-9.4333,159.95,85.21,64,17,7.45
135,Kruisfontein,ZA,2022-07-12 22:43:52,-34.0033,24.7314,51.06,60,0,6.51
136,Beyneu,KZ,2022-07-12 22:43:52,45.3167,55.2,85.19,32,0,8.12
137,Ilhabela,BR,2022-07-12 22:42:51,-23.7781,-45.3581,71.26,78,74,10.69
138,Saskylakh,RU,2022-07-12 22:43:53,71.9167,114.0833,42.66,70,100,12.15
139,Yuzhno-Kurilsk,RU,2022-07-12 22:43:53,44.0306,145.8556,64.22,93,100,3.62
140,Kapaa,US,2022-07-12 22:43:53,22.0752,-159.319,82.72,68,20,13.8
141,Nelson Bay,AU,2022-07-12 22:43:54,-32.7167,152.15,53.11,86,97,15.01
142,Esperance,AU,2022-07-12 22:43:54,-33.8667,121.9,50.63,55,0,8.79
143,Breyten,ZA,2022-07-12 22:43:54,-26.3018,29.987,43.56,94,4,3.8
144,Aklavik,CA,2022-07-12 22:42:19,68.2191,-135.0107,50.0,93,100,12.66
145,Hambantota,LK,2022-07-12 22:43:55,6.1241,81.1185,78.76,81,42,18.72
146,Kupang,ID,2022-07-12 22:43:55,-10.1667,123.5833,73.87,68,76,12.77
147,Burnie,AU,2022-07-12 22:43:55,-41.0667,145.9167,46.92,73,11,4.36
148,Mahebourg,MU,2022-07-12 22:43:56,-20.4081,57.7,69.26,73,20,10.36
149,Athabasca,CA,2022-07-12 22:43:56,54.7169,-113.2854,80.38,57,0,9.98
150,Chokurdakh,RU,2022-07-12 22:43:56,70.6333,147.9167,49.41,81,100,8.05
151,Zhangye,CN,2022-07-12 22:39:09,38.9342,100.4517,71.29,55,87,5.88
152,Itoman,JP,2022-07-12 22:43:57,26.1247,127.6694,84.97,82,20,8.05
153,Dikson,RU,2022-07-12 22:43:57,73.5069,80.5464,39.38,84,12,1.88
154,Acarau,BR,2022-07-12 22:43:57,-2.8856,-40.12,78.67,83,70,14.09
155,Muros,ES,2022-07-12 22:43:58,42.7762,-9.0603,78.15,68,20,7.54
156,Bossangoa,CF,2022-07-12 22:43:58,6.4926,17.4552,67.75,96,100,2.42
157,Mikhaylovka,RU,2022-07-12 22:43:58,50.06,43.2379,70.79,44,61,8.21
158,Sitka,US,2022-07-12 22:43:16,57.0531,-135.33,55.29,76,100,8.05
159,Saint-Augustin,CA,2022-07-12 22:43:59,51.226,-58.6502,57.88,78,100,14.36
160,Broome,US,2022-07-12 22:43:59,42.2506,-75.833,84.58,49,0,13.8
161,Flinders,AU,2022-07-12 22:43:59,-34.5833,150.8552,51.19,79,98,5.99
162,Hofn,IS,2022-07-12 22:44:00,64.2539,-15.2082,51.39,66,100,13.06
163,Sao Filipe,CV,2022-07-12 22:44:00,14.8961,-24.4956,74.61,83,2,6.04
164,Jiazi,CN,2022-07-12 22:44:00,22.8779,116.067,82.06,83,56,2.91
165,Tabou,CI,2022-07-12 22:44:01,4.423,-7.3528,75.79,81,100,10.13
166,Leua,SK,2022-07-12 22:44:01,48.2156,18.6071,55.72,73,68,4.85
167,Seydi,TM,2022-07-12 22:44:01,39.4816,62.9137,80.56,27,0,12.75
168,Faanui,PF,2022-07-12 22:44:02,-16.4833,-151.75,78.66,69,1,9.28
169,Cherskiy,RU,2022-07-12 22:44:02,68.75,161.3,57.78,62,11,13.8
170,Reserva,BR,2022-07-12 22:44:02,-24.6503,-50.8506,53.11,71,12,0.76
171,Odweyne,SO,2022-07-12 22:44:03,9.4092,45.064,73.04,48,49,19.98
172,Tuatapere,NZ,2022-07-12 22:44:03,-46.1333,167.6833,43.25,95,100,8.88
173,Alofi,NU,2022-07-12 22:40:46,-19.0595,-169.9187,78.69,78,75,16.11
174,Vaini,TO,2022-07-12 22:44:03,-21.2,-175.2,78.96,78,20,9.22
175,Vila Velha,BR,2022-07-12 22:39:23,-20.3297,-40.2925,75.15,85,0,10.0
176,Vilyuysk,RU,2022-07-12 22:44:04,63.7553,121.6247,70.21,64,63,2.82
177,Quatre Cocos,MU,2022-07-12 22:45:04,-20.2078,57.7625,69.1,63,85,17.58
178,Hualmay,PE,2022-07-12 22:45:04,-11.0964,-77.6139,62.58,78,14,10.6
179,Raudeberg,NO,2022-07-12 22:45:05,61.9875,5.1352,54.95,84,15,23.71
180,Hede,CN,2022-07-12 22:45:05,33.7681,120.2517,90.34,61,73,9.33
181,Puerto Leguizamo,CO,2022-07-12 22:45:05,-0.1934,-74.7819,74.44,94,56,2.3
182,Pombas,CV,2022-07-12 22:45:06,17.1503,-25.0201,74.98,84,37,9.26
183,Port Hardy,CA,2022-07-12 22:42:15,50.6996,-127.4199,59.18,72,75,6.91
184,Ribeira Grande,PT,2022-07-12 22:45:06,38.5167,-28.7,70.61,91,97,9.31
185,Torbay,CA,2022-07-12 22:45:06,47.6666,-52.7314,66.97,76,20,16.11
186,Antalaha,MG,2022-07-12 22:45:07,-14.9003,50.2788,67.84,85,29,7.34
187,Port Elizabeth,ZA,2022-07-12 22:45:07,-33.918,25.5701,52.09,82,0,4.61
188,Haines Junction,CA,2022-07-12 22:45:07,60.7522,-137.5108,46.35,93,100,2.3
189,Thompson,CA,2022-07-12 22:41:49,55.7435,-97.8558,75.36,35,20,4.61
190,Grand Gaube,MU,2022-07-12 22:45:08,-20.0064,57.6608,69.39,71,64,4.0
191,Shenxian,CN,2022-07-12 22:45:08,36.2411,115.6672,74.75,85,100,4.0
192,Harper,LR,2022-07-12 22:45:08,4.375,-7.7169,75.69,81,100,10.74
193,Port Hedland,AU,2022-07-12 22:45:09,-20.3167,118.5667,57.25,44,3,10.36
194,Hamilton,US,2022-07-12 22:42:27,39.1834,-84.5333,87.75,48,0,7.0
195,Bathsheba,BB,2022-07-12 22:45:09,13.2167,-59.5167,83.01,87,40,18.41
196,Serov,RU,2022-07-12 22:45:09,59.6033,60.5787,60.82,95,71,4.7
197,Teguise,ES,2022-07-12 22:45:10,29.0605,-13.564,68.22,73,20,11.5
198,Mabaruma,GY,2022-07-12 22:45:10,8.2,-59.7833,75.09,97,93,4.47
199,Pilar,BR,2022-07-12 22:45:11,-9.5972,-35.9567,75.13,94,19,2.93
200,Selenginsk,RU,2022-07-12 22:45:11,52.0064,106.8647,61.21,73,28,2.37
201,Dobryatino,RU,2022-07-12 22:45:12,55.5055,41.3195,59.27,91,0,4.29
202,Sorland,NO,2022-07-12 22:45:12,67.667,12.6934,55.26,95,100,19.57
203,Kaeo,NZ,2022-07-12 22:45:12,-35.1,173.7833,61.32,93,95,11.48
204,Zinder,NE,2022-07-12 22:45:13,13.8072,8.9881,92.32,33,100,9.53
205,Tongliao,CN,2022-07-12 22:45:13,43.6125,122.2653,73.85,88,100,9.82
206,Castro,BR,2022-07-12 22:45:13,-24.7911,-50.0119,55.31,73,2,1.41
207,Ninghai,CN,2022-07-12 22:45:14,29.2892,121.4247,80.17,86,99,3.56
208,Fortuna,US,2022-07-12 22:45:14,40.5982,-124.1573,72.86,77,0,5.01
209,Manaus,BR,2022-07-12 22:45:14,-3.1019,-60.025,86.5,66,20,8.05
210,Lamu,KE,2022-07-12 22:45:15,-2.2717,40.902,73.62,82,72,17.11
211,Borba,BR,2022-07-12 22:45:15,-4.3878,-59.5939,80.11,70,87,1.83
212,Te Anau,NZ,2022-07-12 22:45:15,-45.4167,167.7167,38.95,98,100,1.86
213,Bella Vista,US,2022-07-12 22:45:16,36.4295,-94.2316,90.21,48,0,4.61
214,Kysyl-Syr,RU,2022-07-12 22:45:16,63.8986,122.7617,68.59,72,15,3.85
215,Norman Wells,CA,2022-07-12 22:44:50,65.282,-126.8329,66.24,68,75,19.57
216,Cap Malheureux,MU,2022-07-12 22:45:16,-19.9842,57.6142,69.48,71,66,4.0
217,Spassk-Dalniy,RU,2022-07-12 22:45:17,44.5978,132.8211,71.35,87,7,1.12
218,Teguldet,RU,2022-07-12 22:45:17,57.3064,88.1667,47.79,79,68,5.1
219,Pokhara,NP,2022-07-12 22:43:32,28.2333,83.9833,73.51,94,100,1.66
220,Peniche,PT,2022-07-12 22:45:17,39.3558,-9.3811,74.28,72,94,6.06
221,Dali,CN,2022-07-12 22:45:18,25.7,100.1833,63.46,92,3,2.89
222,Spremberg,DE,2022-07-12 22:46:18,51.5697,14.3736,65.64,72,63,4.56
223,Serpa,PT,2022-07-12 22:46:18,37.9458,-7.5975,82.36,40,100,7.38
224,Shelburne,CA,2022-07-12 22:46:19,44.0787,-80.2041,67.35,77,49,10.29
225,Strathpeffer,GB,2022-07-12 22:46:19,57.588,-4.5382,56.16,75,92,12.55
226,Koumac,NC,2022-07-12 22:46:19,-20.5667,164.2833,71.51,94,95,2.01
227,Verkhnyaya Inta,RU,2022-07-12 22:46:20,65.9811,60.3094,63.5,86,78,9.73
228,Chifeng,CN,2022-07-12 22:46:20,42.2683,118.9636,72.46,76,88,5.73
229,Chapais,CA,2022-07-12 22:46:20,49.7834,-74.8492,62.38,89,99,8.12
230,Klaksvik,FO,2022-07-12 22:46:21,62.2266,-6.589,50.92,91,100,26.51
231,Orlik,RU,2022-07-12 22:46:21,52.5178,99.825,51.22,88,33,0.87
232,Karratha,AU,2022-07-12 22:46:21,-20.7377,116.8463,62.65,42,2,12.15
233,Gumdag,TM,2022-07-12 22:46:21,39.2061,54.5906,84.0,24,0,11.86
234,Bonthe,SL,2022-07-12 22:46:22,7.5264,-12.505,75.49,89,52,5.88
235,Monopoli,IT,2022-07-12 22:46:22,40.9559,17.2896,77.72,61,91,14.47
236,Haljala,EE,2022-07-12 22:46:22,59.4336,26.2614,60.62,97,94,2.17
237,Shihezi,CN,2022-07-12 22:46:23,44.3,86.0333,71.6,39,85,8.19
238,Otradnaya,RU,2022-07-12 22:46:23,44.3933,41.5206,64.13,86,58,1.52
239,Buritama,BR,2022-07-12 22:46:23,-21.0661,-50.1472,72.99,44,100,0.92
240,Diu,IN,2022-07-12 22:46:24,20.7141,70.9822,80.24,86,100,20.85
241,Bengkulu,ID,2022-07-12 22:46:01,-3.8004,102.2655,75.52,90,100,4.54
242,Chicama,PE,2022-07-12 22:46:24,-7.8447,-79.1469,61.34,73,5,7.02
243,Saldanha,ZA,2022-07-12 22:44:31,-33.0117,17.9442,44.65,80,0,1.63
244,Sinazongwe,ZM,2022-07-12 22:46:24,-17.2614,27.4618,64.56,51,16,2.64
245,Faya,SA,2022-07-12 22:46:25,18.3851,42.4509,66.31,36,100,8.95
246,Kiel,DE,2022-07-12 22:41:47,54.3213,10.1349,66.33,77,100,5.75
247,Changji,CN,2022-07-12 22:46:25,44.0167,87.3167,72.39,49,0,4.47
248,Evensk,RU,2022-07-12 22:46:25,61.95,159.2333,55.8,84,50,6.73
249,Strezhevoy,RU,2022-07-12 22:46:26,60.7333,77.5889,55.8,60,100,8.81
250,Talnakh,RU,2022-07-12 22:44:38,69.4865,88.3972,47.21,58,96,14.61
251,Hami,CN,2022-07-12 22:46:26,42.8,93.45,80.67,25,98,4.85
252,Dudinka,RU,2022-07-12 22:46:26,69.4058,86.1778,47.62,64,65,14.47
253,Majene,ID,2022-07-12 22:46:27,-3.5403,118.9707,76.82,86,77,7.0
254,Sinnamary,GF,2022-07-12 22:46:27,5.3833,-52.95,78.4,82,95,6.22
255,Haapiti,PF,2022-07-12 22:46:27,-17.5667,-149.8667,74.93,76,20,12.68
256,Bac Lieu,VN,2022-07-12 22:46:28,9.285,105.7244,76.17,92,100,18.25
257,Port-Cartier,CA,2022-07-12 22:46:28,50.0334,-66.8654,59.22,99,100,5.95
258,Mahibadhoo,MV,2022-07-12 22:46:28,3.7833,72.9667,81.34,74,18,7.27
259,Shaping,CN,2022-07-12 22:46:29,22.7545,112.9565,84.81,82,4,0.31
260,Waipawa,NZ,2022-07-12 22:46:29,-41.4122,175.5153,54.9,73,4,25.19
261,Nalut,LY,2022-07-12 22:46:29,30.3333,10.85,83.25,28,0,12.48
262,Cayenne,GF,2022-07-12 22:46:30,4.9333,-52.3333,83.08,3,0,5.01
263,Rincon,US,2022-07-12 22:46:30,32.296,-81.2354,87.76,70,75,6.91
264,Bakchar,RU,2022-07-12 22:46:30,57.0186,82.0711,53.6,75,61,2.42
265,Lebedinyy,RU,2022-07-12 22:46:30,58.5167,125.5167,64.56,68,99,4.88
266,Huarmey,PE,2022-07-12 22:46:31,-10.0681,-78.1522,63.9,78,2,11.14
267,Taloda,IN,2022-07-12 22:46:31,21.5667,74.2167,77.11,93,100,10.18
268,Champerico,GT,2022-07-12 22:46:31,14.3,-91.9167,93.74,70,96,6.78
269,Atar,MR,2022-07-12 22:46:32,20.5169,-13.0499,97.38,19,54,7.43
270,Sola,VU,2022-07-12 22:46:32,-13.8833,167.55,81.19,74,18,18.79
271,Ugoofaaru,MV,2022-07-12 22:47:32,5.6667,73.0,81.79,74,96,10.96
272,Pavlodar,KZ,2022-07-12 22:47:33,52.3,76.95,62.4,72,0,11.18
273,Aykhal,RU,2022-07-12 22:47:33,66.0,111.5,48.09,73,1,8.7
274,Garden City,US,2022-07-12 22:43:18,42.3256,-83.331,82.98,51,75,13.8
275,Xai-Xai,MZ,2022-07-12 22:47:33,-25.0519,33.6442,62.6,90,0,6.33
276,Grandview,US,2022-07-12 22:47:34,38.8858,-94.533,87.78,45,0,10.36
277,Mahajanga,MG,2022-07-12 22:47:34,-15.7167,46.3167,69.82,68,20,3.44
278,Hudson Bay,CA,2022-07-12 22:47:34,52.85,-102.3842,77.63,50,54,3.85
279,Gualaquiza,EC,2022-07-12 22:47:35,-3.4,-78.55,65.68,98,66,1.7
280,Verkhoyansk,RU,2022-07-12 22:47:35,67.5447,133.385,65.44,62,11,8.19
281,Kutum,SD,2022-07-12 22:47:35,14.2,24.6667,75.11,60,83,8.03
282,Idrinskoye,RU,2022-07-12 22:47:36,54.3708,92.1358,54.27,85,48,4.34
283,San Patricio,US,2022-07-12 22:47:36,28.017,-97.5169,100.18,45,12,18.37
284,Kolno,PL,2022-07-12 22:47:36,53.4115,21.9291,59.0,82,100,22.37
285,Xinxiang,CN,2022-07-12 22:47:37,35.3089,113.8672,75.85,86,93,4.09
286,Lata,PT,2022-07-12 22:47:37,40.1629,-8.3327,82.08,30,86,5.39
287,Kahului,US,2022-07-12 22:44:20,20.8947,-156.47,82.42,70,20,20.71
288,Los Chiles,CR,2022-07-12 22:47:37,11.0333,-84.7167,76.53,93,100,3.06
289,Taoudenni,ML,2022-07-12 22:47:38,22.6783,-3.9836,102.72,11,75,1.72
290,Chake Chake,TZ,2022-07-12 22:47:38,-5.2459,39.7666,73.44,80,35,11.27
291,Coihaique,CL,2022-07-12 22:44:00,-45.5752,-72.0662,34.41,80,75,0.0
292,Riyadh,SA,2022-07-12 22:45:30,24.6877,46.7219,91.54,11,99,9.37
293,Nizhniy Kuranakh,RU,2022-07-12 22:47:38,58.8353,125.4869,66.79,76,92,1.5
294,Adrar,MR,2022-07-12 22:47:39,20.5022,-10.0711,94.51,6,5,8.48
295,Billings,US,2022-07-12 22:45:22,45.7833,-108.5007,93.67,25,20,5.75
296,Cotonou,BJ,2022-07-12 22:47:38,6.3654,2.4183,76.98,88,40,9.22
297,Codrington,AU,2022-07-12 22:47:39,-38.2667,141.9667,50.36,71,38,10.8
298,Komsomolskiy,UZ,2022-07-12 22:47:40,40.4272,71.7189,68.72,73,75,18.41
299,Kirakira,SB,2022-07-12 22:47:40,-10.4544,161.9205,81.52,74,70,11.92
300,Lubin,PL,2022-07-12 22:47:40,51.4009,16.2015,53.71,69,27,7.38
301,Tiarei,PF,2022-07-12 22:47:41,-17.5333,-149.3333,75.22,79,18,10.76
302,Launceston,AU,2022-07-12 22:47:41,-41.45,147.1667,44.62,86,19,8.05
303,Gabu,GW,2022-07-12 22:47:41,12.2833,-14.2167,76.32,93,66,6.26
304,Bazarnyy Syzgan,RU,2022-07-12 22:47:41,53.7512,46.7535,64.0,80,52,4.59
305,Havre-Saint-Pierre,CA,2022-07-12 22:43:29,50.2334,-63.5986,59.36,100,100,11.5
306,Berlevag,NO,2022-07-12 22:45:51,70.8578,29.0864,66.15,59,77,13.8
307,Leh,IN,2022-07-12 22:47:42,34.1667,77.5833,61.86,55,21,6.58
308,Ayagoz,KZ,2022-07-12 22:47:42,47.9714,80.4392,60.42,58,82,15.88
309,Sulangan,PH,2022-07-12 22:47:43,11.1373,123.7228,83.57,74,86,3.91
310,Saint-Philippe,RE,2022-07-12 22:47:43,-21.3585,55.7679,65.79,80,32,12.28
311,Namatanai,PG,2022-07-12 22:47:43,-3.6667,152.4333,83.84,68,17,6.42
312,Coquimbo,CL,2022-07-12 22:47:44,-29.9533,-71.3436,56.93,82,0,6.91
313,Sur,OM,2022-07-12 22:47:44,22.5667,59.5289,87.04,73,95,4.72
314,Kholodnyy,RU,2022-07-12 22:47:44,62.7167,147.95,75.78,59,99,15.14
315,Marsh Harbour,BS,2022-07-12 22:47:44,26.5412,-77.0636,84.63,73,31,9.66
316,Sabzevar,IR,2022-07-12 22:47:45,36.2126,57.6819,76.28,25,0,13.8
317,Tura,IN,2022-07-12 22:48:45,25.5198,90.2201,75.56,91,100,4.41
318,Leticia,CO,2022-07-12 22:48:45,-4.2153,-69.9406,87.85,74,40,0.0
319,Cockburn Town,TC,2022-07-12 22:48:46,21.4612,-71.1419,81.97,84,4,17.96
320,Abbeville,FR,2022-07-12 22:48:46,50.1,1.8333,73.49,39,90,5.88
321,Cape Canaveral,US,2022-07-12 22:45:21,28.4058,-80.6048,90.07,75,0,14.97
322,Charyshskoye,RU,2022-07-12 22:48:46,51.3978,83.5598,52.25,90,0,3.22
323,Srednekolymsk,RU,2022-07-12 22:48:47,67.45,153.6833,75.45,47,39,8.12
324,Hanzhong,CN,2022-07-12 22:43:58,33.0728,107.0303,75.0,94,100,2.98
325,Krasnovishersk,RU,2022-07-12 22:47:59,60.4078,57.082,63.18,96,16,2.86
326,Pacific Grove,US,2022-07-12 22:48:47,36.6177,-121.9166,74.25,77,0,18.41
327,Hastings,GB,2022-07-12 22:48:48,50.8552,0.5729,72.32,66,96,7.09
328,Chlorakas,CY,2022-07-12 22:48:48,34.8042,32.4083,74.28,83,0,5.75
329,Nhulunbuy,AU,2022-07-12 22:48:48,-12.2333,136.7667,72.21,60,56,14.97
330,Santo Augusto,BR,2022-07-12 22:48:49,-27.8508,-53.7772,46.13,84,23,2.8
331,Tasiilaq,GL,2022-07-12 22:48:49,65.6145,-37.6368,46.56,78,59,5.86
332,Imbituba,BR,2022-07-12 22:48:49,-28.24,-48.6703,58.08,84,7,10.0
333,Murgab,TM,2022-07-12 22:48:49,37.4966,61.9714,75.07,46,0,6.91
334,Senanga,ZM,2022-07-12 22:48:50,-16.1167,23.2667,55.44,53,1,6.91
335,Margate,GB,2022-07-12 22:48:50,51.3813,1.3862,73.69,62,100,1.99
336,San Miguel,SV,2022-07-12 22:44:56,13.4833,-88.1833,91.0,58,20,2.3
337,Damavand,IR,2022-07-12 22:48:51,35.7178,52.065,67.93,29,0,7.99
338,Lavrentiya,RU,2022-07-12 22:48:51,65.5833,-171.0,51.44,75,98,7.78
339,Santa Rosa,PH,2022-07-12 22:45:19,14.3122,121.1114,80.58,91,80,1.41
340,Morehead,US,2022-07-12 22:48:51,37.2711,-87.1764,86.86,55,0,8.05
341,Antofagasta,CL,2022-07-12 22:48:52,-23.65,-70.4,58.28,87,18,0.83
342,Nago,JP,2022-07-12 22:48:52,26.5881,127.9761,85.05,80,81,4.81
343,Saint-Joseph,RE,2022-07-12 22:48:52,-21.3667,55.6167,64.78,76,27,12.21
344,Chudniv,UA,2022-07-12 22:48:53,50.052,28.1175,53.62,91,100,22.7
345,Santa Vitoria Do Palmar,BR,2022-07-12 22:48:53,-33.5189,-53.3681,42.8,82,34,5.73
346,Cortez,US,2022-07-12 22:48:53,37.3489,-108.5859,92.16,18,0,10.36
347,Maridi,SS,2022-07-12 22:48:54,4.9158,29.4742,69.06,90,100,3.4
348,Lannion,FR,2022-07-12 22:48:54,48.75,-3.4167,70.34,72,86,5.19
349,Mizdah,LY,2022-07-12 22:48:54,31.4451,12.9801,71.67,62,0,15.48
350,Vestmannaeyjar,IS,2022-07-12 22:48:55,63.4427,-20.2734,49.46,76,100,23.78
351,The Valley,AI,2022-07-12 22:48:55,18.217,-63.0578,84.34,74,40,12.66
352,Nikolayevsk-Na-Amure,RU,2022-07-12 22:48:55,53.1406,140.73,70.48,87,100,2.98
353,Trelew,AR,2022-07-12 22:44:16,-43.249,-65.3051,43.92,49,35,13.15
354,Tilichiki,RU,2022-07-12 22:48:56,60.4667,166.1,63.09,68,7,6.58
355,Mastic Beach,US,2022-07-12 22:48:56,40.7668,-72.8521,80.8,86,75,28.01
356,Tumpat,MY,2022-07-12 22:48:56,6.1978,102.171,75.18,94,20,0.0
357,San Vicente,AR,2022-07-12 22:48:57,-26.6167,-54.1333,44.67,93,0,3.18
358,Kununurra,AU,2022-07-12 22:48:38,-15.7667,128.7333,60.78,23,1,8.05
359,Bouca,CF,2022-07-12 22:48:57,6.5105,18.2733,67.69,91,100,1.81
360,Bairnsdale,AU,2022-07-12 22:48:57,-37.8333,147.6167,44.06,90,37,7.2
361,Copiapo,CL,2022-07-12 22:49:27,-27.3667,-70.3333,55.09,35,0,1.52
362,Indianola,US,2022-07-12 22:47:13,41.3581,-93.5574,84.87,52,0,9.33
363,Doha,QA,2022-07-12 22:46:47,25.2867,51.5333,94.89,61,0,5.75
364,Kendari,ID,2022-07-12 22:48:36,-3.945,122.4989,73.96,93,87,1.34
365,Wawa,NG,2022-07-12 22:49:58,9.9022,4.4192,76.44,85,80,7.34
366,Yumen,CN,2022-07-12 22:49:58,40.2833,97.2,72.66,18,56,12.03
367,Abonnema,NG,2022-07-12 22:49:59,4.7084,6.7931,73.15,85,86,5.19
368,Rocha,UY,2022-07-12 22:49:59,-34.4833,-54.3333,39.43,84,14,4.16
369,Banepa,NP,2022-07-12 22:49:59,27.6298,85.5214,70.12,94,75,0.0
370,Kuala Terengganu,MY,2022-07-12 22:50:00,5.3302,103.1408,76.95,100,20,3.44
371,Nishihara,JP,2022-07-12 22:50:00,26.1842,127.7558,85.28,82,20,6.91
372,Meulaboh,ID,2022-07-12 22:50:00,4.1363,96.1285,75.72,82,96,5.39
373,Kuandian,CN,2022-07-12 22:50:01,40.7286,124.7847,71.2,93,100,3.15
374,Hay River,CA,2022-07-12 22:46:41,60.8156,-115.7999,73.38,40,75,10.36
375,Lang Son,VN,2022-07-12 22:50:01,21.8333,106.7333,76.66,94,19,2.77
376,Xinzhi,CN,2022-07-12 22:50:01,36.4989,111.7047,75.47,86,100,3.18
377,Laguna,US,2022-07-12 22:50:02,38.421,-121.4238,102.15,27,0,13.8
378,Ust-Kuyga,RU,2022-07-12 22:50:02,70.0167,135.6,40.93,86,99,5.44
379,Skopin,RU,2022-07-12 22:50:03,53.8249,39.5505,54.72,86,20,5.88
380,Ternate,ID,2022-07-12 22:50:03,0.8,127.4,79.34,82,99,5.14
381,Sandur,IN,2022-07-12 22:50:03,15.1,76.55,70.86,90,100,19.48
382,Beloha,MG,2022-07-12 22:47:26,-25.1667,45.05,60.84,93,0,5.19
383,Narsaq,GL,2022-07-12 22:50:04,60.9167,-46.05,45.07,80,16,4.0
384,Madang,PG,2022-07-12 22:50:04,-5.2246,145.7966,81.59,74,50,1.63
385,Neiafu,TO,2022-07-12 22:50:04,-18.65,-173.9833,81.28,74,20,11.5
386,Shingu,JP,2022-07-12 22:50:05,33.7333,135.9833,81.95,73,35,0.49
387,Albania,AL,2022-07-12 22:50:05,41.0,20.0,64.27,52,21,4.25
388,Longyearbyen,SJ,2022-07-12 22:50:05,78.2186,15.6401,46.24,93,75,2.3
389,La Ronge,CA,2022-07-12 22:50:06,55.1001,-105.2842,79.05,34,20,6.91
390,Bitkine,TD,2022-07-12 22:50:06,11.9801,18.2138,76.51,76,100,9.4
391,Puerto Padre,CU,2022-07-12 22:50:06,21.195,-76.6028,81.79,79,91,9.17
392,Ouro Preto Do Oeste,BR,2022-07-12 22:50:07,-10.7481,-62.2158,80.73,42,23,0.98
393,Qaqortoq,GL,2022-07-12 22:48:27,60.7167,-46.0333,44.04,82,15,4.68
394,Yozgat,TR,2022-07-12 22:50:07,39.5833,35.3333,55.81,93,0,5.57
395,Kieta,PG,2022-07-12 22:50:07,-6.2167,155.6333,84.07,72,12,6.24
396,Ulladulla,AU,2022-07-12 22:50:08,-35.35,150.4667,51.04,70,100,6.22
397,San Pedro,PH,2022-07-12 22:47:22,14.35,121.0167,79.83,90,100,3.44
398,Kudahuvadhoo,MV,2022-07-12 22:50:08,2.6708,72.8944,80.94,75,36,5.37
399,Sechura,PE,2022-07-12 22:50:08,-5.5569,-80.8222,68.76,66,42,17.6
400,Daru,PG,2022-07-12 22:50:09,-9.0763,143.2092,79.21,80,75,12.73
401,Ghanzi,BW,2022-07-12 22:50:09,-21.5667,21.7833,54.66,41,0,6.71
402,Iqaluit,CA,2022-07-12 22:50:09,63.7506,-68.5145,49.73,87,100,3.44
403,Dingle,PH,2022-07-12 22:50:10,10.9995,122.6711,78.91,87,100,4.18
404,Coari,BR,2022-07-12 22:50:10,-4.085,-63.1414,78.51,78,86,2.77
405,Hobyo,SO,2022-07-12 22:50:10,5.3505,48.5268,76.8,74,79,22.7
406,Houma,US,2022-07-12 22:50:11,29.5958,-90.7195,82.0,89,95,5.01
407,Dentsville,US,2022-07-12 22:50:11,34.064,-80.9582,86.05,75,20,5.75
408,Aksu,CN,2022-07-12 22:50:11,41.1231,80.2644,72.19,40,86,4.18
409,Mana,GF,2022-07-12 22:51:12,5.6592,-53.7767,77.9,85,71,6.4
410,Sundsvall,SE,2022-07-12 22:51:12,62.3913,17.3063,59.97,74,100,0.0
411,Mangrol,IN,2022-07-12 22:51:12,21.1167,70.1167,81.14,85,100,23.17
412,Linhares,BR,2022-07-12 22:51:13,-19.3911,-40.0722,71.74,71,99,5.32
413,Ostrovnoy,RU,2022-07-12 22:51:13,68.0531,39.5131,56.1,100,100,4.41
414,College,US,2022-07-12 22:51:12,64.8569,-147.8028,78.01,55,75,6.91
415,Enid,US,2022-07-12 22:49:51,36.3956,-97.8784,95.02,28,20,13.8
416,Sugito,JP,2022-07-12 22:51:13,36.0333,139.7333,75.18,87,100,6.08
417,Quelimane,MZ,2022-07-12 22:51:14,-17.8786,36.8883,66.56,85,22,2.73
418,Rio Gallegos,AR,2022-07-12 22:51:02,-51.6226,-69.2181,28.45,93,100,16.11
419,Northam,GB,2022-07-12 22:51:14,51.0333,-4.2167,65.61,85,97,4.23
420,Pangnirtung,CA,2022-07-12 22:51:14,66.1451,-65.7125,50.0,93,100,0.0
421,Linden,GY,2022-07-12 22:51:15,6.0,-58.3,74.34,97,62,3.36
422,Henties Bay,NA,2022-07-12 22:51:15,-22.116,14.2845,55.11,89,0,7.02
423,Kawalu,ID,2022-07-12 22:51:15,-7.3817,108.2082,71.2,98,93,0.45
424,Arkhangelsk,RU,2022-07-12 22:51:08,64.5401,40.5433,71.71,68,0,4.47
425,Saint-Francois,FR,2022-07-12 22:51:16,46.4154,3.9054,65.68,82,0,1.14
426,Hukuntsi,BW,2022-07-12 22:51:16,-24.0,21.75,56.73,37,0,7.58
427,Winslow,US,2022-07-12 22:51:16,35.0242,-110.6974,98.78,14,0,8.05
428,Shenjiamen,CN,2022-07-12 22:51:17,29.9576,122.298,78.82,86,100,21.79
429,Karksi-Nuia,EE,2022-07-12 22:51:17,58.1033,25.5628,57.78,99,69,4.21
430,Zaoyang,CN,2022-07-12 22:51:18,32.1272,112.7542,83.66,80,71,8.99
431,Luchenza,MW,2022-07-12 22:51:18,-16.0069,35.3095,60.51,85,77,2.04
432,Mount Isa,AU,2022-07-12 22:51:18,-20.7333,139.5,49.77,46,3,5.75
433,Cabo San Lucas,MX,2022-07-12 22:46:34,22.8909,-109.9124,90.61,62,12,12.41
434,Karasjok,NO,2022-07-12 22:51:19,69.4719,25.5112,62.56,72,58,6.11
435,Nelson,NZ,2022-07-12 22:49:05,-41.2833,173.2833,52.29,97,60,1.01
436,Urumqi,CN,2022-07-12 22:51:19,43.801,87.6005,68.95,49,0,4.47
437,Mwinilunga,ZM,2022-07-12 22:51:19,-11.7358,24.4293,55.13,52,0,4.65
438,Portland,US,2022-07-12 22:48:19,45.5234,-122.6762,96.21,36,20,11.5
439,Elko,US,2022-07-12 22:51:20,41.0002,-115.5012,96.82,11,45,10.0
440,Otane,NZ,2022-07-12 22:51:20,-39.8833,176.6333,63.01,65,0,16.51
441,Andros Town,BS,2022-07-12 22:51:21,24.7,-77.7667,87.76,71,29,11.72
442,Tazovskiy,RU,2022-07-12 22:51:21,67.4667,78.7,44.89,71,12,7.2
443,Maniitsoq,GL,2022-07-12 22:51:21,65.4167,-52.9,41.4,97,100,12.71
444,Lere,NG,2022-07-12 22:51:21,10.387,8.5726,69.44,95,86,5.08
445,Kristiansand,NO,2022-07-12 22:51:22,58.1467,7.9956,60.85,92,75,6.91
446,Serravalle,SM,2022-07-12 22:51:22,43.969,12.4817,73.9,86,20,8.01
447,Gallatin,US,2022-07-12 22:51:22,45.6666,-111.2008,91.58,27,0,6.91
448,Otavi,NA,2022-07-12 22:51:23,-19.65,17.3333,59.04,36,0,7.7
449,Iquitos,PE,2022-07-12 22:51:23,-3.7481,-73.2472,87.84,66,40,3.44
450,Vangaindrano,MG,2022-07-12 22:51:23,-23.35,47.6,62.69,93,8,3.47
451,Limbang,MY,2022-07-12 22:51:24,4.75,115.0,77.11,96,100,2.71
452,Varnavino,RU,2022-07-12 22:51:24,57.4035,45.0916,63.79,92,66,4.88
453,Carballo,ES,2022-07-12 22:52:24,43.213,-8.691,83.62,87,1,1.34
454,Englewood,US,2022-07-12 22:47:40,39.6478,-104.9878,94.05,20,75,16.11
455,Encrucijada,CU,2022-07-12 22:52:25,22.6169,-79.8711,84.85,72,53,3.89
456,Mosquera,CO,2022-07-12 22:52:25,4.7059,-74.2302,64.49,55,40,5.75
457,Pringsewu,ID,2022-07-12 22:52:25,-5.3582,104.9744,73.11,95,100,0.83
458,Saint Anthony,US,2022-07-12 22:52:26,45.0205,-93.218,87.15,42,75,14.97
459,Banda Aceh,ID,2022-07-12 22:52:26,5.5577,95.3222,79.79,77,100,11.68
460,Birnin Kebbi,NG,2022-07-12 22:52:26,12.4539,4.1975,72.75,79,90,20.83
461,Camapua,BR,2022-07-12 22:52:27,-19.5314,-54.0439,73.0,63,100,7.4
462,Katangli,RU,2022-07-12 22:52:27,51.7102,143.2326,62.26,77,10,5.57
463,Kousseri,CM,2022-07-12 22:52:27,12.0769,15.0306,79.16,61,49,14.56
464,Kushima,JP,2022-07-12 22:52:27,31.4583,131.2333,82.53,79,100,4.54
465,Kangaatsiaq,GL,2022-07-12 22:52:28,68.3065,-53.4641,41.34,81,98,1.74
466,Petukhovo,RU,2022-07-12 22:52:28,55.0692,67.9019,58.59,85,14,6.2
467,Richards Bay,ZA,2022-07-12 22:52:28,-28.783,32.0377,64.67,88,46,7.18
468,Kondoa,TZ,2022-07-12 22:52:29,-4.9,35.7833,58.59,78,100,4.09
469,Chardara,KZ,2022-07-12 22:52:29,41.2547,67.9692,75.63,37,5,5.46
470,Mormugao,IN,2022-07-12 22:52:29,15.4,73.8,79.39,83,100,24.11
471,Seabra,BR,2022-07-12 22:52:30,-12.4186,-41.7703,64.4,91,16,4.68
472,Road Town,VG,2022-07-12 22:51:01,18.4167,-64.6167,86.09,76,42,15.03
473,Zaysan,KZ,2022-07-12 22:52:30,47.4667,84.8667,63.7,74,99,9.86
474,Maceio,BR,2022-07-12 22:49:10,-9.6658,-35.7353,76.44,83,40,8.05
475,Guerrero Negro,MX,2022-07-12 22:52:30,27.9769,-114.0611,72.43,65,78,16.26
476,Inirida,CO,2022-07-12 22:52:31,3.8653,-67.9239,75.67,95,89,2.1
477,Arlit,NE,2022-07-12 22:52:31,18.7369,7.3853,93.87,24,45,6.22
478,Talcahuano,CL,2022-07-12 22:52:31,-36.7167,-73.1167,49.68,93,75,4.61
479,Luba,GQ,2022-07-12 22:52:32,3.4568,8.5547,76.39,84,91,8.28
480,Sompeta,IN,2022-07-12 22:52:32,18.9333,84.6,80.6,85,94,7.36
481,Benguela,AO,2022-07-12 22:52:32,-12.5763,13.4055,68.56,87,65,3.33
482,Syumsi,RU,2022-07-12 22:52:33,57.1111,51.6149,67.28,94,89,5.08
483,Coos Bay,US,2022-07-12 22:52:33,43.3665,-124.2179,77.31,86,100,14.97
484,Bonavista,CA,2022-07-12 22:52:33,48.6499,-53.1147,59.72,62,35,12.95
485,Fare,PF,2022-07-12 22:52:33,-16.7,-151.0167,78.37,67,5,6.89
486,Labytnangi,RU,2022-07-12 22:52:34,66.6572,66.4183,53.58,88,100,4.21
487,Itupiranga,BR,2022-07-12 22:47:44,-5.1347,-49.3267,79.12,57,81,2.3
488,Sosua,DO,2022-07-12 22:52:34,19.7667,-70.5167,93.18,70,40,16.11
489,Mbouda,CM,2022-07-12 22:52:35,5.6258,10.2552,61.03,96,98,3.31
490,Nizhniy Tsasuchey,RU,2022-07-12 22:52:12,50.5167,115.1333,61.11,81,64,11.54
491,Asfi,MA,2022-07-12 22:52:35,32.2994,-9.2372,70.52,82,55,4.81
492,Khuzdar,PK,2022-07-12 22:52:35,27.7384,66.6434,80.71,64,10,1.9
493,Ransang,PH,2022-07-12 22:49:59,8.9603,117.5828,79.88,86,100,9.08
494,Stornoway,GB,2022-07-12 22:52:36,58.2093,-6.3865,53.92,85,20,12.66
495,Bilibino,RU,2022-07-12 22:52:36,68.0546,166.4372,66.54,57,11,11.03
496,Atyrau,KZ,2022-07-12 22:52:36,47.1167,51.8833,77.02,31,0,8.95
497,Yaqui,MX,2022-07-12 22:52:37,27.3667,-110.1667,90.16,49,17,13.98
498,Firovo,RU,2022-07-12 22:52:37,57.4814,33.7021,54.61,98,13,4.85
499,Ivrea,IT,2022-07-12 22:52:37,45.4672,7.8762,79.05,68,23,5.28
500,Alexandria,EG,2022-07-12 22:52:37,31.2156,29.9553,76.96,78,0,13.8
501,Kandrian,PG,2022-07-12 22:53:38,-6.2167,149.55,82.35,75,49,5.12
502,Maragogi,BR,2022-07-12 22:53:38,-9.0122,-35.2225,74.64,86,75,5.73
503,Beyla,GN,2022-07-12 22:53:38,8.6833,-8.6333,68.02,95,32,1.74
504,Masvingo,ZW,2022-07-12 22:53:39,-20.0637,30.8277,61.09,51,75,6.44
505,Soe,ID,2022-07-12 22:53:39,-9.8607,124.284,60.64,85,67,3.53
506,Trairi,BR,2022-07-12 22:52:58,-3.2778,-39.2689,78.08,81,77,9.42
507,Durban,ZA,2022-07-12 22:52:52,-29.8579,31.0292,63.01,88,66,1.01
508,Rudnyy,KZ,2022-07-12 22:53:40,52.9594,63.1206,66.43,91,13,5.91
509,Prainha,BR,2022-07-12 22:53:40,-1.8,-53.48,77.7,83,87,3.91
510,Naze,JP,2022-07-12 22:53:07,28.3667,129.4833,79.72,83,87,6.85
511,Opuwo,NA,2022-07-12 22:50:57,-18.0607,13.84,61.0,35,0,6.69
512,Grindavik,IS,2022-07-12 22:51:24,63.8424,-22.4338,49.95,87,75,11.5
513,Sarankhola,BD,2022-07-12 22:53:40,22.3082,89.7897,80.69,89,95,9.24
514,Sisimiut,GL,2022-07-12 22:53:41,66.9395,-53.6735,42.57,93,77,5.12
515,Chone,EC,2022-07-12 22:53:41,-0.6833,-80.1,73.54,86,100,4.92
516,Huainan,CN,2022-07-12 22:52:25,32.6264,116.9969,87.49,73,37,1.48
517,Tual,ID,2022-07-12 22:53:41,-5.6667,132.75,78.66,85,100,20.42
518,Rawson,AR,2022-07-12 22:53:42,-43.3002,-65.1023,45.28,50,30,17.94
519,Vanimo,PG,2022-07-12 22:51:57,-2.6741,141.3028,82.26,71,57,3.69
520,Souillac,MU,2022-07-12 22:53:42,-20.5167,57.5167,68.38,73,20,10.36
521,Sibolga,ID,2022-07-12 22:53:42,1.7427,98.7792,76.01,90,96,2.71
522,Bikaner,IN,2022-07-12 22:53:43,28.0167,73.3,88.25,63,86,13.78
523,Greenfield,US,2022-07-12 22:53:20,42.9614,-88.0126,82.45,55,75,10.36
524,Estevan,CA,2022-07-12 22:53:43,49.1334,-102.9842,78.22,47,20,5.75
525,Roald,NO,2022-07-12 22:53:43,62.5833,6.1333,58.91,72,100,16.11
526,Pitimbu,BR,2022-07-12 22:53:12,-7.4706,-34.8086,75.79,82,50,8.77
527,Ambilobe,MG,2022-07-12 22:53:44,-13.2,49.05,68.68,75,23,3.98
528,Los Llanos De Aridane,ES,2022-07-12 22:51:07,28.6585,-17.9182,67.75,85,100,10.36
529,Cabedelo,BR,2022-07-12 22:51:56,-6.9811,-34.8339,75.87,84,9,9.95
530,Itarantim,BR,2022-07-12 22:53:44,-15.6597,-40.0656,66.7,79,75,4.52
531,Nakasongola,UG,2022-07-12 22:53:45,1.3089,32.4564,65.46,71,19,1.28
